{
    "description": "Pixel to robot XY homography calibration",
    "click_order": [
        "P1",
        "P2",
        "P3",
        "P4",
        "P5",
        "P6",
        "P7",
        "P8",
        "P9"
    ],
    "image_points_pixels": [
        [
            292.0,
            119.0
        ],
        [
            652.0,
            117.0
        ],
        [
            1023.0,
            115.0
        ],
        [
            290.0,
            379.0
        ],
        [
            650.0,
            383.0
        ],
        [
            1025.0,
            385.0
        ],
        [
            286.0,
            643.0
        ],
        [
            648.0,
            650.0
        ],
        [
            1023.0,
            655.0
        ]
    ],
    "robot_points_mm": [
        [
            266.281005859375,
            -103.41200256347656
        ],
        [
            264.5450134277344,
            24.23900032043457
        ],
        [
            271.39300537109375,
            154.3159942626953
        ],
        [
            376.8420104980469,
            -108.44100189208984
        ],
        [
            375.32000732421875,
            25.229999542236328
        ],
        [
            379.9849853515625,
            160.26400756835938
        ],
        [
            488.7460021972656,
            -111.48300170898438
        ],
        [
            488.18499755859375,
            25.840999603271484
        ],
        [
            490.71600341796875,
            164.27099609375
        ]
    ],
    "homography_pixel_to_robot": [
        [
            0.033620302673223926,
            0.40140946984621323,
            214.59373599458573
        ],
        [
            0.37509312148279644,
            -0.0029918552500726456,
            -215.48393809154516
        ],
        [
            9.421205699950432e-05,
            -6.411097105360328e-05,
            1.0
        ]
    ]
}