{
    "timestamp": "2026-04-28T23:50:42",
    "method": "HSV fake skin detection + calibration.json homography",
    "center_px": [
        619.6522216796875,
        374.7330322265625
    ],
    "center_robot_xy_mm": [
        373.03277587890625,
        15.296707153320312
    ],
    "angle_deg": 87.81141662597656,
    "area_px": 160515.0,
    "width_px": 352.8888854980469,
    "height_px": 462.3249206542969,
    "corners_px": {
        "TL": [
            381,
            207
        ],
        "TR": [
            843,
            189
        ],
        "BR": [
            857,
            542
        ],
        "BL": [
            395,
            559
        ]
    },
    "corners_robot_xy_mm": {
        "TL": [
            303.62567138671875,
            -71.57349395751953
        ],
        "TR": [
            298.698486328125,
            93.83843231201172
        ],
        "BR": [
            440.7016906738281,
            99.76112365722656
        ],
        "BL": [
            451.64031982421875,
            -68.8998031616211
        ]
    }
}