{
    "timestamp": "2026-04-28T20:58:27",
    "center_px": [
        702.3833618164062,
        352.17474365234375
    ],
    "angle_deg": 3.468229293823242,
    "area_px": 163523.0,
    "width_px": 467.4453125,
    "height_px": 357.46527099609375,
    "corners_px": {
        "TL": [
            479,
            159
        ],
        "TR": [
            946,
            187
        ],
        "BR": [
            924,
            544
        ],
        "BL": [
            458,
            516
        ]
    },
    "robot_pulse_corners": {
        "TL": [
            -8303,
            19350,
            -43839,
            2829,
            -21964,
            2205
        ],
        "TR": [
            19599,
            24068,
            -38954,
            -730,
            -23204,
            -8753
        ],
        "BR": [
            13727,
            44333,
            -13570,
            -19,
            -31365,
            -6583
        ],
        "BL": [
            -14175,
            39615,
            -18455,
            3540,
            -30125,
            4375
        ]
    },
    "method": "TR anchor + known size vectors + rotation"
}