{
    "timestamp": "2026-04-28T22:04:36",
    "center_px": [
        685.1627197265625,
        294.2991638183594
    ],
    "bounding_box": {
        "width_px": 363.08160400390625,
        "height_px": 474.4957580566406,
        "angle_deg": 88.39399719238281,
        "area_px": 168890.0
    },
    "corner_points_px": {
        "P1_TL": [
            442,
            119
        ],
        "P2_TR": [
            917,
            106
        ],
        "P3_BR": [
            927,
            469
        ],
        "P4_BL": [
            453,
            482
        ]
    },
    "box_points_ordered_list": [
        [
            442.0,
            119.0
        ],
        [
            917.0,
            106.0
        ],
        [
            927.0,
            469.0
        ],
        [
            453.0,
            482.0
        ]
    ],
    "robot_pulse_points": {
        "P1_TL": [
            -28347,
            14291,
            -26939,
            3532,
            -38473,
            11444
        ],
        "P2_TR": [
            -24781,
            31814,
            -6869,
            3089,
            -44298,
            10122
        ],
        "P3_BR": [
            10030,
            33214,
            -5180,
            -253,
            -45150,
            -4658
        ],
        "P4_BL": [
            13639,
            15271,
            -25898,
            -641,
            -39120,
            -6162
        ]
    }
}