{
    "timestamp": "2026-04-27T18:48:55",
    "center_px": [
        588.42529296875,
        416.7615051269531
    ],
    "bounding_box": {
        "width_px": 356.8286437988281,
        "height_px": 468.0463562011719,
        "angle_deg": 88.85424041748047,
        "area_px": 164300.5
    },
    "corner_points_px": {
        "P1_TL": [
            350,
            243
        ],
        "P2_TR": [
            818,
            233
        ],
        "P3_BR": [
            825,
            590
        ],
        "P4_BL": [
            358,
            599
        ]
    },
    "box_points_ordered_list": [
        [
            350.0,
            243.0
        ],
        [
            818.0,
            233.0
        ],
        [
            825.0,
            590.0
        ],
        [
            358.0,
            599.0
        ]
    ],
    "robot_pulse_points": {
        "P1_TL": [
            -14443,
            11052,
            -30690,
            2158,
            -37499,
            5594
        ],
        "P2_TR": [
            -13119,
            28481,
            -10669,
            1981,
            -43317,
            5145
        ],
        "P3_BR": [
            22567,
            29659,
            -9270,
            -1474,
            -44076,
            -9962
        ],
        "P4_BL": [
            28073,
            11823,
            -29918,
            -2090,
            -38057,
            -12201
        ]
    }
}